title,price,gender,date
Funny Got Data MIS Data Systems Business Analyst T-Shirt,16.99,Men,2022-03-10
Funny Got Data MIS Data Systems Business Analyst T-Shirt,16.99,Men,2022-03-10
Funny Got Data MIS Data Systems Business Analyst T-Shirt,16.99,Men,2022-03-10
Funny Got Data MIS Data Systems Business Analyst T-Shirt,16.99,Men,2022-03-10
Funny Got Data MIS Data Systems Business Analyst T-Shirt,16.99,Men,2022-03-10
Funny Got Data MIS Data Systems Business Analyst T-Shirt,16.99,Men,2022-03-10
Funny Got Data MIS Data Systems Business Analyst T-Shirt,16.99,Men,2022-03-10
Funny Got Data MIS Data Systems Business Analyst T-Shirt,16.99,Men,2022-03-10
Funny Got Data MIS Data Systems Business Analyst T-Shirt,16.99,Men,2022-03-10
Funny Got Data MIS Data Systems Business Analyst T-Shirt,16.99,Men,2022-03-10
Funny Got Data MIS Data Systems Business Analyst T-Shirt,16.99,Men,2022-03-10
Funny Got Data MIS Data Systems Business Analyst T-Shirt,16.99,Men,2022-03-10
Funny Got Data MIS Data Systems Business Analyst T-Shirt,16.99,Men,2022-03-11
Funny Got Data MIS Data Systems Business Analyst T-Shirt,16.99,Men,2022-03-11
Funny Got Data MIS Data Systems Business Analyst T-Shirt,16.99,Men,2022-03-11
Funny Got Data MIS Data Systems Business Analyst T-Shirt,16.99,Men,2022-03-11
Funny Got Data MIS Data Systems Business Analyst T-Shirt,16.99,Men,2022-03-11
Funny Got Data MIS Data Systems Business Analyst T-Shirt,16.99,Men,2022-03-11
Funny Got Data MIS Data Systems Business Analyst T-Shirt,16.99,Men,2022-03-11
Funny Got Data MIS Data Systems Business Analyst T-Shirt,16.99,Men,2022-03-11
Funny Got Data MIS Data Systems Business Analyst T-Shirt,16.99,Men,2022-03-11
Funny Got Data MIS Data Systems Business Analyst T-Shirt,16.99,Men,2022-03-11
Funny Got Data MIS Data Systems Business Analyst T-Shirt,16.99,Men,2022-03-11
Funny Got Data MIS Data Systems Business Analyst T-Shirt,16.99,Men,2022-03-11
Funny Got Data MIS Data Systems Business Analyst T-Shirt,16.99,Men,2022-03-11
Funny Got Data MIS Data Systems Business Analyst T-Shirt,16.99,Men,2022-03-11
Funny Got Data MIS Data Systems Business Analyst T-Shirt,16.99,Men,2022-03-11
Funny Got Data MIS Data Systems Business Analyst T-Shirt,16.99,Men,2022-03-11
Funny Got Data MIS Data Systems Business Analyst T-Shirt,16.99,Men,2022-03-11
Funny Got Data MIS Data Systems Business Analyst T-Shirt,16.99,Men,2022-03-11
Funny Got Data MIS Data Systems Business Analyst T-Shirt,16.99,Men,2022-03-11
Funny Got Data MIS Data Systems Business Analyst T-Shirt,16.99,Men,2022-03-11
Funny Got Data MIS Data Systems Business Analyst T-Shirt,16.99,Men,2022-03-11
Funny Got Data MIS Data Systems Business Analyst T-Shirt,16.99,Men,2022-03-11
Funny Got Data MIS Data Systems Business Analyst T-Shirt,16.99,Men,2022-03-11
Funny Got Data MIS Data Systems Business Analyst T-Shirt,16.99,Men,2022-03-11
Funny Got Data MIS Data Systems Business Analyst T-Shirt,16.99,Men,2022-03-11
Funny Got Data MIS Data Systems Business Analyst T-Shirt,16.99,Men,2022-03-11
Funny Got Data MIS Data Systems Business Analyst T-Shirt,16.99,Men,2022-03-11
Funny Got Data MIS Data Systems Business Analyst T-Shirt,16.99,Men,2022-03-11
Funny Got Data MIS Data Systems Business Analyst T-Shirt,16.99,Men,2022-03-11
Funny Got Data MIS Data Systems Business Analyst T-Shirt,16.99,Men,2022-03-11
Funny Got Data MIS Data Systems Business Analyst T-Shirt,16.99,Men,2022-03-11
Funny Got Data MIS Data Systems Business Analyst T-Shirt,16.99,Men,2022-03-11
Funny Got Data MIS Data Systems Business Analyst T-Shirt,16.99,Men,2022-03-11
Funny Got Data MIS Data Systems Business Analyst T-Shirt,16.99,Men,2022-03-11
Funny Got Data MIS Data Systems Business Analyst T-Shirt,16.99,Men,2022-03-11
Funny Got Data MIS Data Systems Business Analyst T-Shirt,16.99,Men,2022-03-11
Funny Got Data MIS Data Systems Business Analyst T-Shirt,16.99,Men,2022-03-11
Funny Got Data MIS Data Systems Business Analyst T-Shirt,16.99,Men,2022-03-11
Funny Got Data MIS Data Systems Business Analyst T-Shirt,16.99,Men,2022-03-11
Funny Got Data MIS Data Systems Business Analyst T-Shirt,16.99,Men,2022-03-11
Funny Got Data MIS Data Systems Business Analyst T-Shirt,16.99,Men,2022-03-11
Funny Got Data MIS Data Systems Business Analyst T-Shirt,16.99,Men,2022-03-11
Funny Got Data MIS Data Systems Business Analyst T-Shirt,16.99,Men,2022-03-11
Funny Got Data MIS Data Systems Business Analyst T-Shirt,16.99,Men,2022-03-11
Funny Got Data MIS Data Systems Business Analyst T-Shirt,16.99,Men,2022-03-11
Funny Got Data MIS Data Systems Business Analyst T-Shirt,16.99,Men,2022-03-11
Funny Got Data MIS Data Systems Business Analyst T-Shirt,16.99,Men,2022-03-11
Funny Got Data MIS Data Systems Business Analyst T-Shirt,16.99,Men,2022-03-11
Funny Got Data MIS Data Systems Business Analyst T-Shirt,16.99,Men,2022-03-11
Funny Got Data MIS Data Systems Business Analyst T-Shirt,16.99,Men,2022-03-11
Funny Got Data MIS Data Systems Business Analyst T-Shirt,16.99,Men,2022-03-11
Funny Got Data MIS Data Systems Business Analyst T-Shirt,16.99,Men,2022-03-11
Funny Got Data MIS Data Systems Business Analyst T-Shirt,16.99,Men,2022-03-11
Funny Got Data MIS Data Systems Business Analyst T-Shirt,16.99,Men,2022-03-11
Funny Got Data MIS Data Systems Business Analyst T-Shirt,16.99,Men,2022-03-11
Funny Got Data MIS Data Systems Business Analyst T-Shirt,16.99,Men,2022-03-11
Funny Got Data MIS Data Systems Business Analyst T-Shirt,16.99,Men,2022-03-11
Funny Got Data MIS Data Systems Business Analyst T-Shirt,16.99,Men,2022-03-11
Funny Got Data MIS Data Systems Business Analyst T-Shirt,16.99,Men,2022-03-11
Funny Got Data MIS Data Systems Business Analyst T-Shirt,16.99,Men,2022-03-11
Funny Got Data MIS Data Systems Business Analyst T-Shirt,16.99,Men,2022-03-11
Funny Got Data MIS Data Systems Business Analyst T-Shirt,16.99,Men,2022-03-11
Funny Got Data MIS Data Systems Business Analyst T-Shirt,16.99,Men,2022-03-11
Funny Got Data MIS Data Systems Business Analyst T-Shirt,16.99,Men,2022-03-11
Funny Got Data MIS Data Systems Business Analyst T-Shirt,16.99,Men,2022-03-11
Funny Got Data MIS Data Systems Business Analyst T-Shirt,16.99,Men,2022-03-11
Funny Got Data MIS Data Systems Business Analyst T-Shirt,16.99,Men,2022-03-11
Funny Got Data MIS Data Systems Business Analyst T-Shirt,16.99,Men,2022-03-11
Funny Got Data MIS Data Systems Business Analyst T-Shirt,16.99,Men,2022-03-11
Funny Got Data MIS Data Systems Business Analyst T-Shirt,16.99,Men,2022-03-11
Funny Got Data MIS Data Systems Business Analyst T-Shirt,16.99,Men,2022-03-11
Funny Got Data MIS Data Systems Business Analyst T-Shirt,16.99,Men,2022-03-11
Funny Got Data MIS Data Systems Business Analyst T-Shirt,16.99,Men,2022-03-11
Funny Got Data MIS Data Systems Business Analyst T-Shirt,16.99,Men,2022-03-11
Funny Got Data MIS Data Systems Business Analyst T-Shirt,16.99,Men,2022-03-11
Funny Got Data MIS Data Systems Business Analyst T-Shirt,16.99,Men,2022-03-11
Funny Got Data MIS Data Systems Business Analyst T-Shirt,16.99,Men,2022-03-11
Funny Got Data MIS Data Systems Business Analyst T-Shirt,16.99,Men,2022-03-11
Funny Got Data MIS Data Systems Business Analyst T-Shirt,16.99,Men,2022-03-11
Funny Got Data MIS Data Systems Business Analyst T-Shirt,16.99,Men,2022-03-11
Funny Got Data MIS Data Systems Business Analyst T-Shirt,16.99,Men,2022-03-11
Funny Got Data MIS Data Systems Business Analyst T-Shirt,16.99,Men,2022-03-11
Funny Got Data MIS Data Systems Business Analyst T-Shirt,16.99,Men,2022-03-11
Funny Got Data MIS Data Systems Business Analyst T-Shirt,16.99,Men,2022-03-11
Funny Got Data MIS Data Systems Business Analyst T-Shirt,16.99,Men,2022-03-11
Funny Got Data MIS Data Systems Business Analyst T-Shirt,16.99,Men,2022-03-11
Funny Got Data MIS Data Systems Business Analyst T-Shirt,16.99,Men,2022-03-11
Funny Got Data MIS Data Systems Business Analyst T-Shirt,16.99,Men,2022-03-11
Funny Got Data MIS Data Systems Business Analyst T-Shirt,16.99,Men,2022-03-11
Funny Got Data MIS Data Systems Business Analyst T-Shirt,16.99,Men,2022-03-11
Funny Got Data MIS Data Systems Business Analyst T-Shirt,16.99,Men,2022-03-11
Funny Got Data MIS Data Systems Business Analyst T-Shirt,16.99,Men,2022-03-11
Funny Got Data MIS Data Systems Business Analyst T-Shirt,16.99,Men,2022-03-11
Funny Got Data MIS Data Systems Business Analyst T-Shirt,16.99,Men,2022-03-11
Funny Got Data MIS Data Systems Business Analyst T-Shirt,16.99,Men,2022-03-11
Funny Got Data MIS Data Systems Business Analyst T-Shirt,16.99,Men,2022-03-11
Funny Got Data MIS Data Systems Business Analyst T-Shirt,16.99,Men,2022-03-11
Funny Got Data MIS Data Systems Business Analyst T-Shirt,16.99,Men,2022-03-11
Funny Got Data MIS Data Systems Business Analyst T-Shirt,16.99,Men,2022-03-11
Funny Got Data MIS Data Systems Business Analyst T-Shirt,16.99,Men,2022-03-11
Funny Got Data MIS Data Systems Business Analyst T-Shirt,16.99,Men,2022-03-11
Funny Got Data MIS Data Systems Business Analyst T-Shirt,16.99,Men,2022-03-11
Funny Got Data MIS Data Systems Business Analyst T-Shirt,16.99,Men,2022-03-11
Funny Got Data MIS Data Systems Business Analyst T-Shirt,16.99,Men,2022-03-11
Funny Got Data MIS Data Systems Business Analyst T-Shirt,16.99,Men,2022-03-11
Funny Got Data MIS Data Systems Business Analyst T-Shirt,16.99,Men,2022-03-11
Funny Got Data MIS Data Systems Business Analyst T-Shirt,16.99,Men,2022-03-11
Funny Got Data MIS Data Systems Business Analyst T-Shirt,16.99,Men,2022-03-11
Funny Got Data MIS Data Systems Business Analyst T-Shirt,16.99,Men,2022-03-11
Funny Got Data MIS Data Systems Business Analyst T-Shirt,16.99,Men,2022-03-11
Funny Got Data MIS Data Systems Business Analyst T-Shirt,16.99,Men,2022-03-11
Funny Got Data MIS Data Systems Business Analyst T-Shirt,16.99,Men,2022-03-11
