name,price,rating
Yamazaki 12 Year Old,135,"4.5


(92 Reviews)"
Nikka Coffey Grain Whisky,56.95,"4.5


(51 Reviews)"
Hakushu Distiller's Reserve,66.95,"4.5


(28 Reviews)"
The Chita Whisky,49.95,"4.5


(40 Reviews)"
Suntory Toki,31.95,"4


(33 Reviews)"
Yoichi Single Malt,75.95,"4.5


(9 Reviews)"
Miyagikyo Single Malt,75.95,"4.5


(9 Reviews)"
Kaiyo Mizunara Oak Cask Strength,110,"5


(3 Reviews)"
"Akashi 5 Year Old
Sherry Cask Half Litre",150,"5


(2 Reviews)"
no name,no price,no rating
Suntory Torys Classic,30.45,"3.5


(2 Reviews)"
Yoichi 10 Year Old,500,"4.5


(9 Reviews)"
Miyagikyo 15 Year Old,"1,000","4


(1 Review)"
no name,no price,no rating
no name,no price,no rating
no name,no price,no rating
no name,no price,no rating
no name,no price,no rating
no name,no price,no rating
no name,no price,no rating
no name,no price,no rating
no name,no price,no rating
no name,no price,no rating
Hakushu 10 Year Old,375,"5


(1 Review)"
